round,slice,frame,object_ref,cell,what,why,severity,owner,rule_id,evidence,action,rules_version,note
r1_craft,B4-center,adasind_271039.jpg,L1,LR_noM,SPURIOUS,,,,,,,,
r1_craft,B4-center,adasind_271039.jpg,L2,LR_noM,SPURIOUS,,,,,,,,
r1_craft,B4-center,adasind_271039.jpg,L3,LR_noM,SPURIOUS,,,,,,,,
r2_qa,B4-center,adasind_271039.jpg,L4,LR_noM,SPURIOUS,,,,R01,,,,
r2_qa,B4-center,adasind_271039.jpg,L5,LR_noM,SPURIOUS,,,,R01,,,,
r2_qa,B4-center,adasind_271039.jpg,L6,LR_noM,SPURIOUS,,,,R01,,,,
r2_qa,B4-center,adasind_271039.jpg,L7,LR_noM,SPURIOUS,,,,R01,,,,
r2_qa,B4-center,adasind_271039.jpg,L8,LR_noM,SPURIOUS,,,,R01,,,,
r3_diag,B4-center,adasind_271039.jpg,L9,L_only,SPURIOUS,E1_annotator_error,P2,annotator,,img,rework,,
r3_diag,B4-center,adasind_271039.jpg,L10,L_only,SPURIOUS,E1_annotator_error,P2,annotator,,img,rework,,
r3_diag,B4-center,adasind_271039.jpg,L11,L_only,SPURIOUS,E1_annotator_error,P2,annotator,,img,rework,,
r3_diag,B4-center,adasind_271039.jpg,L12,L_only,SPURIOUS,E1_annotator_error,P2,annotator,,img,rework,,
r3_diag,B4-center,adasind_271039.jpg,L13,L_only,SPURIOUS,E1_annotator_error,P2,annotator,,img,rework,,
r3_diag,B4-center,adasind_271039.jpg,L14,L_only,SPURIOUS,E1_annotator_error,P2,annotator,,img,rework,,
r3_diag,B4-center,adasind_271039.jpg,L15,L_only,SPURIOUS,E1_annotator_error,P2,annotator,,img,rework,,
r1_craft,B4-center,adasind_270517.jpg,L3,na,IGNORE_SCOPE,,,,,,,,
r1_craft,B4-center,adasind_271039.jpg,L10,na,IGNORE_SCOPE,,,,,,,,
r1_craft,B4-center,adasind_271039.jpg,L4+R7,na,WRONG_CLASS,,,,,,,,
r1_craft,B4-center,adasind_271039.jpg,L8,na,SPURIOUS,,,,,,,,
r1_craft,B4-center,adasind_271039.jpg,L12,na,SPURIOUS,,,,,,,,
r1_craft,B4-center,adasind_271039.jpg,L13,na,SPURIOUS,,,,,,,,
r1_craft,B4-center,adasind_271039.jpg,L14,na,SPURIOUS,,,,,,,,
r1_craft,B4-center,adasind_271039.jpg,R6,na,MISSING,,,,,,,,
r1_craft,B4-center,adasind_271039.jpg,R10,na,MISSING,,,,,,,,
r1_craft,B4-center,adasind_295948.jpg,L1,na,IGNORE_SCOPE,,,,,,,,
r1_craft,B4-center,adasind_295948.jpg,L5,na,IGNORE_SCOPE,,,,,,,,
r1_craft,B4-center,adasind_295948.jpg,L6,na,IGNORE_SCOPE,,,,,,,,
r1_craft,B4-center,adasind_295948.jpg,L7,na,IGNORE_SCOPE,,,,,,,,
r1_craft,B4-center,adasind_295948.jpg,L2+R1,na,WRONG_CLASS,,,,,,,,
r1_craft,B4-center,adasind_295948.jpg,L4,na,SPURIOUS,,,,,,,,
r1_craft,B4-center,adasind_295948.jpg,R3,na,MISSING,,,,,,,,
r3_diag,B4-center,adasind_271039.jpg,L1,LRM,SPURIOUS,E1_annotator_error,P2,annotator,R01,img.jpg,rework,,
r3_diag,B4-center,adasind_271039.jpg,L2,LRM,SPURIOUS,E1_annotator_error,P2,annotator,R01,img.jpg,rework,,
r3_diag,B4-center,adasind_271039.jpg,L3,LRM,SPURIOUS,E1_annotator_error,P2,annotator,R01,img.jpg,rework,,
r3_diag,B4-center,adasind_271039.jpg,L4,LRM,SPURIOUS,E1_annotator_error,P2,annotator,R01,img.jpg,rework,,
r3_diag,B4-center,adasind_271039.jpg,L5,LRM,SPURIOUS,E1_annotator_error,P2,annotator,R01,img.jpg,rework,,
r3_diag,B4-center,adasind_271039.jpg,L6,LRM,SPURIOUS,E1_annotator_error,P2,annotator,R01,img.jpg,rework,,
r3_diag,B4-center,adasind_271039.jpg,L7,LRM,SPURIOUS,E1_annotator_error,P2,annotator,R01,img.jpg,rework,,
r3_diag,B4-center,adasind_271039.jpg,L8,LRM,SPURIOUS,E1_annotator_error,P2,annotator,R01,img.jpg,rework,,
r3_diag,B4-center,adasind_271039.jpg,L9,L_only,SPURIOUS,E1_annotator_error,P2,annotator,R01,img.jpg,rework,,
r3_diag,B4-center,adasind_271039.jpg,L10,L_only,SPURIOUS,E1_annotator_error,P2,annotator,R01,img.jpg,rework,,
r3_diag,B4-center,adasind_271039.jpg,L11,L_only,SPURIOUS,E1_annotator_error,P2,annotator,R01,img.jpg,rework,,
r3_diag,B4-center,adasind_271039.jpg,L12,L_only,SPURIOUS,E1_annotator_error,P2,annotator,R01,img.jpg,rework,,
r3_diag,B4-center,adasind_271039.jpg,R9,RM_noL,MISSING,E1_annotator_error,P2,annotator,R01,img.jpg,rework,,
r3_diag,B4-center,adasind_271039.jpg,M10,M_only,SPURIOUS,E1_annotator_error,P2,annotator,R01,img.jpg,rework,,
